model,subset_accuracy,number_level_accuracy,avg_hit,hit_std
classifier_chain,0.0,0.7733333333333333,0.9,0.8306623862918076
logistic_regression,0.0,0.7720370370370371,0.8708333333333333,0.8241051544284598
random_baseline,0.0,0.7705555555555555,0.8375,0.709056003900021
xgboost,0.0,0.7701851851851852,0.8291666666666667,0.8514591234398096
freq_heuristic,0.0,0.7670370370370371,0.7583333333333333,0.7637171524123895
random_forest,0.0,0.7664814814814814,0.7458333333333333,0.799728686632049
gap_heuristic,0.0,0.7653703703703704,0.7208333333333333,0.7424504285734429
