group,target,test,stat,p_value
humidity_bin,low_count,kruskal,4.918571304953935,0.17785778566070684
humidity_bin,odd_count,kruskal,1.5200177905712235,0.6776580009854059
humidity_bin,sum_main,kruskal,3.7595013428197834,0.2886320769548243
snow_flag,low_count,mannwhitneyu,4058.5,0.6090407630585548
snow_flag,odd_count,mannwhitneyu,2725.0,0.27356892446189296
snow_flag,sum_main,mannwhitneyu,2866.0,0.37207146595128127
temp_bin,low_count,kruskal,4.7190700134000805,0.3173555790825879
temp_bin,odd_count,kruskal,7.238912611187404,0.1237886887293427
temp_bin,sum_main,kruskal,3.5370675347870693,0.472264573582719
