group_col,group_value,draws,total_number_count,chi_square_stat,chi_square_p_value,kl_divergence_vs_overall
season,winter,309,1854,36.33011099278911,0.7876798893202148,0.009728400278147831
season,autumn,299,1794,26.948815124420644,0.979926316889679,0.0075921495589353835
season,summer,302,1812,26.22616492140196,0.9846389217240855,0.007177428786961567
season,spring,307,1842,24.807697085435034,0.9913361449315158,0.00677968871761097
