metric,value
chi_square_p_value,0.9473705806070574
kl_divergence,0.0020882791942792214
actual_overlap_mean,0.8264802631578947
deviation_std,10.517136543734013
