flag,count,ratio
rain_flag,94,0.07723911257189811
snow_flag,6,0.0049301561216105174
